condition,group_col,metric,group_pair,gap
baseline,perceived_race,independent_llm_quality,White_vs_Black,0.2857142857142856
baseline,perceived_race,independent_llm_quality,White_vs_Asian,0.04761904761904745
baseline,perceived_race,independent_llm_quality,Black_vs_Asian,0.33333333333333304
persona_blind,perceived_race,independent_llm_quality,White_vs_Black,0.0
persona_blind,perceived_race,independent_llm_quality,White_vs_Asian,0.14285714285714324
persona_blind,perceived_race,independent_llm_quality,Black_vs_Asian,0.14285714285714324
reranked,perceived_race,independent_llm_quality,White_vs_Black,0.14285714285714235
reranked,perceived_race,independent_llm_quality,White_vs_Asian,0.11904761904761862
reranked,perceived_race,independent_llm_quality,Black_vs_Asian,0.023809523809523725
